נטה. האקא םא טןמגךף;מכ-גמ גאדמםמג;מה 
05.03.2022 3:15;1;014/לנ5
05.03.2022 4:15;1;014/לנ5
05.03.2022 5:15;1;014/לנ5
05.03.2022 6:15;1;014/לנ5
05.03.2022 7:15;1;014/לנ5
05.03.2022 8:15;1;014/לנ5
05.03.2022 9:15;1;014/לנ5
05.03.2022 10:15;1;014/לנ5
05.03.2022 11:15;1;014/לנ5
05.03.2022 12:15;1;014/לנ5
05.03.2022 13:15;1;014/לנ5
05.03.2022 14:15;1;014/לנ5
05.03.2022 15:15;1;014/לנ5
05.03.2022 16:15;45;014/לנ5
05.03.2022 17:15;1;014/לנ5
05.03.2022 18:15;34;014/לנ5
05.03.2022 19:15;1;014/לנ5
05.03.2022 20:15;1;014/לנ5
05.03.2022 21:15;1;014/לנ5
05.03.2022 22:15;1;014/לנ5
05.03.2022 23:15;1;014/לנ5
06.03.2022 0:15;1;014/לנ5
06.03.2022 1:15;23;014/לנ5
06.03.2022 2:15;1;014/לנ5
06.03.2022 3:15;1;014/לנ5
06.03.2022 4:15;1;014/לנ5
06.03.2022 5:15;1;014/לנ5
06.03.2022 6:15;1;014/לנ5
06.03.2022 7:15;1;014/לנ5
06.03.2022 8:15;1;014/לנ5
06.03.2022 9:15;1;014/לנ5
06.03.2022 10:15;1;014/לנ5
06.03.2022 11:15;1;014/לנ5
06.03.2022 12:15;1;014/לנ5
06.03.2022 13:15;1;014/לנ5
06.03.2022 14:15;1;014/לנ5
06.03.2022 15:15;2;014/לנ5
06.03.2022 16:15;1;014/לנ5
06.03.2022 17:15;1;014/לנ5
06.03.2022 18:15;1;014/לנ5
06.03.2022 19:15;1;014/לנ5
06.03.2022 20:15;1;014/לנ5
06.03.2022 21:15;1;014/לנ5
06.03.2022 22:15;1;014/לנ5
06.03.2022 23:15;12;014/לנ5
07.03.2022 0:15;1;014/לנ5
07.03.2022 1:15;1;014/לנ5
07.03.2022 2:15;2;014/לנ5
07.03.2022 3:15;1;014/לנ5
07.03.2022 4:15;1;014/לנ5
07.03.2022 5:15;1;014/לנ5
07.03.2022 6:15;1;014/לנ5
07.03.2022 7:15;1;014/לנ5
07.03.2022 8:15;1;014/לנ5
07.03.2022 9:15;1;014/לנ5
07.03.2022 10:15;1;014/לנ5
07.03.2022 11:15;123;014/לנ5
07.03.2022 12:15;1;014/לנ5
07.03.2022 13:15;1;014/לנ5
07.03.2022 14:15;1;014/לנ5
07.03.2022 15:15;1;014/לנ5
07.03.2022 16:15;1;014/לנ5
07.03.2022 17:15;1;014/לנ5
07.03.2022 18:15;1;014/לנ5
07.03.2022 19:15;1;014/לנ5
07.03.2022 20:15;1;014/לנ5
07.03.2022 21:15;12;014/לנ5
07.03.2022 22:15;1;014/לנ5
07.03.2022 23:15;1;014/לנ5
08.03.2022 0:15;1;014/לנ5
08.03.2022 1:15;1;014/לנ5
08.03.2022 2:15;23;014/לנ5
08.03.2022 3:15;1;014/לנ5
08.03.2022 4:15;1;014/לנ5
08.03.2022 5:15;1;014/לנ5
08.03.2022 6:15;21;014/לנ5
08.03.2022 7:15;1;014/לנ5
08.03.2022 8:15;1;014/לנ5
08.03.2022 9:15;1;014/לנ5
08.03.2022 10:15;1;014/לנ5
08.03.2022 11:15;1;014/לנ5
08.03.2022 12:15;1;014/לנ5
08.03.2022 13:15;1;014/לנ5
08.03.2022 14:15;2;014/לנ5
08.03.2022 15:15;1;014/לנ5
08.03.2022 16:15;1;014/לנ5
08.03.2022 17:15;1;014/לנ5
08.03.2022 18:15;1;014/לנ5
08.03.2022 19:15;9;014/לנ5
08.03.2022 20:15;1;014/לנ5
08.03.2022 21:15;1;014/לנ5
08.03.2022 22:15;1;014/לנ5
08.03.2022 23:15;4;014/לנ5
09.03.2022 0:15;1;014/לנ5
09.03.2022 1:15;5;014/לנ5
09.03.2022 2:15;1;014/לנ5
09.03.2022 3:15;2;014/לנ5
09.03.2022 4:15;1;014/לנ5
09.03.2022 5:15;1;014/לנ5
09.03.2022 6:15;1;014/לנ5
09.03.2022 7:15;1;014/לנ5
09.03.2022 8:15;1;014/לנ5
09.03.2022 9:15;1;014/לנ5
09.03.2022 10:15;1;014/לנ5
09.03.2022 11:15;2;014/לנ5
09.03.2022 12:15;1;014/לנ5
09.03.2022 13:15;21;014/לנ5
09.03.2022 14:15;1;014/לנ5
09.03.2022 15:15;1;014/לנ5
09.03.2022 16:15;1;014/לנ5
09.03.2022 17:15;1;014/לנ5
